"block","n_rate","yield"
1,0,99.6300754559354
1,80,137.462840224342
1,160,165.071073361675
1,240,172.295515113548
2,0,101.745211230244
2,80,144.099734860313
2,160,158.570456621528
2,240,143.064464555329
3,0,92.0210693061151
3,80,142.863444598488
3,160,156.553775127838
3,240,163.94509171446
4,0,93.3929370484528
4,80,133.211112465438
4,160,139.749663347891
4,240,152.037049190402
