"block","soil_p","dm"
1,1.3,0
1,2,975.004472034463
1,3.1,1370.80898677067
1,4.9,1714.5594320275
1,8.7,1789.69464365663
2,1.3,0
2,2,916.976890825076
2,3.1,1342.15612651241
2,4.9,1689.72640830102
2,8.7,1866.84261295681
3,1.3,0
3,2,977.638743109514
3,3.1,1429.71273650326
3,4.9,1740.84379495446
3,8.7,1810.6955519829
4,1.3,0
4,2,995.913757132179
4,3.1,1349.19556814234
4,4.9,1739.69762811117
4,8.7,1875.79627999803
