"block","soil_k","yield"
1,0,18598.248930185
1,22,21199.430412443
1,44,21492.0330480599
1,88,21665.4017660303
1,136,21778.8650335536
2,0,19351.5679405652
2,22,20727.7749851323
2,44,22101.3898685586
2,88,21714.3954471893
2,136,21427.265964024
3,0,18865.1836618407
3,22,21234.630396245
3,44,22013.5944061914
3,88,21661.6516913261
3,136,21774.7447317992
4,0,19657.1637310965
4,22,20953.5247512711
4,44,21391.0192476862
4,88,21121.8463812044
4,136,22115.1169364932
