"observation","yield"
1,227.226206713555
2,218.462633462161
3,219.854288564765
4,209.213711335398
5,218.36758705128
6,219.521514909957
7,224.684327804763
8,221.505369962152
9,222.648724971407
10,226.495224901405
